Employee ID,Employee Name,Email,Job Title,Department,Job Location,Gender,Assign To,Qualification,Publish Date,Nationality,File Name
1,Allen Wright,allen.wright@gmail.com,Management Consultant,Department1,Los Angeles,Male,admin,Management Consultant,19/04/2013,Germany,Allen Wright
2,Andrew Anderson,andrew.anderson@gmail.com,Physician Assistant,Department1,San Jose,Male,admin,Physician Assistant,19/04/2013,UK,Andrew Anderson
3,Anthony Wilson,anthony.wilson@gmail.com,Civil Engineer,Department1,Los Angeles,Male,admin,Civil Engineer,19/04/2013,US,Anthony Wilson
4,Chris Moore,chris.moore@gmail.com,Sales Director,Department1,Los Angeles,Male,admin,Sales Director,19/04/2013,Ukraine,Chris Moore
5,Christopher Robinson,christopher.robinson@gmail.com,Certified Public Accountant,Department2,Dallas,Male,admin,Certified Public Accountant,19/04/2013,Japan,Christopher Robinson
6,Daniel Smith,daniel.smith@gmail.com,Database Administrator,Department2,Dallas,Male,admin,Database Administrator,19/04/2013,France,Daniel Smith
7,David Thompson,david.thompson@gmail.com,Environmental Engineer,Department2,Dallas,Male,admin,Environmental Engineer,19/04/2013,Belgium,David Thompson
8,Emily White,emily.white@gmail.com,Physical Therapist,Department2,Paris,Female,admin,Physical Therapist,19/04/2013,Poland,Emily White
9,Eva Harrison,eva.harrison@gmail.com,Dentist,Department6,London,Female,admin,Dentist,19/04/2013,Germany,Eva Harrison
10,Harry Thomson,harry.thomsan@gmail.com,Project Engineer,Department2,London,Male,admin,Project Engineer,19/04/2013,UK,Harry Thomson
11,Jack Taylor,jack.taylor@gmail.com,Software Developer,Department2,Paris,Male,admin,Software Developer,19/04/2013,US,Jack Taylor
12,Joe Smith,joe.smith@gmail.com,Software Architect,Department2,Paris,Male,admin,Software Architect,19/04/2013,Ukraine,Joe Smith
13,Joseph Phillips,joseph.phillips@gmail.com,Dentist,Department3,Newyork,Male,admin,Dentist,19/04/2013,Japan,Joseph Phillips
14,Lewis Garcia,lewis.garcia@gmail.com,Biomedical Engineer,Department3,Newyork,Female,admin,Biomedical Engineer,19/04/2013,France,Lewis Garcia
15,Linda Ferguson,linda.ferguson@gmail.com,Biomedical Engineer,Department3,San Diego,Female,admin,Biomedical Engineer,19/04/2013,Belgium,Linda Ferguson
16,Madison Jackson,madison.jackson@gmail.com,Biomedical Engineer,Department5,Newyork,Male,admin,Biomedical Engineer,19/04/2013,Poland,Madison Jackson
17,Martin Walker,martin.walker@gmail.com,Certified Public Accountant,Department3,Barcelona,Male,admin,Certified Public Accountant,19/04/2013,Germany,Martin Walker
18,Matthew Miller,matthew.miller@gmail.com,Environmental Engineer,Department3,Barcelona,Male,admin,Environmental Engineer,19/04/2013,UK,Matthew Miller
19,Micheal Brown,micheal.brown@gmail.com,Dentist,Department3,San Antonio,Male,admin,Dentist,19/04/2013,US,Micheal Brown
20,Mila Jackson,mila.jackson@gmail.com,Dentist,Department5,San Antonio,Male,admin,Dentist,19/04/2013,Ukraine,Mila Jackson
21,Nelson Parker,nelson.parker@gmail.com,Certified Public Accountant,Department3,San Antonio,Male,admin,Certified Public Accountant,19/04/2013,Japan,Nelson Parker
22,Rose Jordon,rose.jordon@gmail.com,Management Consultant,Department3,Berlin,Female,admin,Management Consultant,19/04/2013,France,Rose Jordon
23,Ryan Castillo,ryan.castillo@gmail.com,Physician Assistant,Department3,Berlin,Male,admin,Physician Assistant,19/04/2013,Belgium,Ryan Castillo
24,Sally Martin,sally.martin@gmail.com,Dentist,Department4,Berlin,Female,admin,Dentist,19/04/2013,Poland,Sally Martin
25,Sophia Lopez,sophia.lopez@gmail.com,Psychiatrist,Department4,Berlin,Female,admin,Psychiatrist,19/04/2013,Germany,Sophia Lopez
26,William Jones,william.jones@clahrms.com,Biomedical Engineer,Department6,Chicago,Male,admin,Biomedical Engineer,19/04/2013,UK,William Jones
27,Zohaib Khan,zohaib.khan@gmail.com,Software Developer,Department4,London,Male,admin,Software Developer,19/04/2013,US,Zohaib Khan
